"","defect_id","defect_description","numActive","numDaysActive","numReopened","LOC","Total.num.days","Developer","Tester","Num.eff.dev.hours","Num.eff.testing.hours","Severity","Priority"
"104","TCGA-C8-A12W",104,2,3,0,30,4,"Vinay","Philip",12.03,9.76,"Low","Medium"
"144","BCGA-Q2-661A",144,6,9,3,90,12.57,"Vijay","Mike",37.8,30.819,"Medium","High"
"48","TCGA-BH-A0HP",48,2,3,2,26,4.3,"Bikas","John",13.09,10.734,"Low","Medium"
"111","BCGA-G2-626A",111,3,2,0,71,3.77,"Akash","Samson",10.39,8.378,"Medium","Low"
"64","TCGA-A8-A08Z",64,4,5,1,58,7.05,"Bikas","Donald",21.32,17.367,"Medium","Medium"
"18","TCGA-AR-A1AQ",18,1,1,0,23,1.61,"Prakash","John",4.54,3.664,"Low","Low"
"57","TCGA-A2-A0YC",57,8,13,2,152,18.12,"Ajay","Samson",53.17,43.122,"High","High"
"40","TCGA-C8-A12Z",40,5,2,0,76,3.97,"Akash","Samson",12.11,9.893,"Medium","Medium"
"118","BCGA-X2-633A",118,7,5,1,85,7.74,"Ajay","John",24.29,19.893,"Medium","Medium"
"91","TCGA-A8-A08G",91,5,7,2,85,10.03,"Prakash","John",29.78,24.236,"Medium","Medium"
"96","TCGA-AN-A0FK",96,7,12,3,163,17.38,"Tanmoy","Mike",49.88,40.413,"High","High"
"20","TCGA-C8-A12V",20,2,1,0,12,1.44,"Suresh","Samson",5.13,4.246,"Low","Low"
"85","TCGA-AO-A0JC",85,4,8,1,157,12.33,"Suresh","Samson",33.11,26.574,"High","Medium"
"31","TCGA-AO-A0JE",31,2,2,0,13,2.56,"Aniketh","Donald",8.42,6.899,"Low","Medium"
"160","BCGA-Q2-678A",160,12,18,7,215,26.03,"Raghu","Mike",76.87,62.606,"High","High"
"36","TCGA-C8-A12L",36,4,5,1,57,7.03,"Bikas","Mike",21.3,17.354,"Medium","Medium"
"3","TCGA-BH-A18V",3,1,1,0,23,1.61,"Sunil","Philip",4.54,3.664,"Low","Low"
"108","BCGA-G2-623A",108,3,6,1,53,8,"Bikas","Mike",23.68,19.217,"Medium","Medium"
"152","BCGA-Q2-670A",152,7,5,1,85,7.74,"Ajay","John",24.29,19.893,"Medium","Medium"
"5","TCGA-BH-A0E0",5,1,1,0,13,1.41,"Bikas","Mathew",4.34,3.534,"Low","Low"
"84","TCGA-BH-A0C0",84,1,10,0,94,12.93,"Sunil","Mike",35.39,28.347,"Medium","Medium"
"159","BCGA-Q2-677A",159,14,17,8,207,25.06,"Raghu","Samson",75.63,61.825,"High","High"
"153","BCGA-Q2-671A",153,2,2,0,29,2.88,"Suresh","Sam",8.74,7.107,"Low","Low"
"56","TCGA-A2-A0EV",56,5,8,2,108,11.59,"Aniketh","Mathew",33.51,27.175,"Medium","Medium"
"79","TCGA-A7-A0CJ",79,7,5,1,85,7.74,"Ajay","John",24.29,19.893,"Medium","Medium"
"120","BCGA-G2-635A",120,6,9,3,90,12.57,"Vijay","Mike",37.8,30.819,"Medium","High"
"151","BCGA-Q2-669A",151,11,14,2,153,19.39,"Prakash","Donald",58.89,47.95,"High","High"
"150","BCGA-Q2-668A",150,2,3,0,49,4.38,"Haresh","Philip",12.41,10.007,"Medium","Low"
"52","TCGA-BH-A0E1",52,5,8,2,96,11.35,"Haresh","Donald",33.27,27.019,"Medium","Medium"
"126","BCGA-Y2-637A",126,7,10,3,118,14.28,"Haresh","John",42.44,34.548,"High","High"
"102","TCGA-BH-A0DD",102,6,11,3,127,15.51,"Tanmoy","Mathew",45.08,36.58,"High","High"
"105","TCGA-E2-A15A",105,4,5,1,67,7.23,"Aniketh","Samson",21.5,17.484,"Medium","Medium"
"2","TCGA-A2-A0CM",2,2,2,0,34,2.98,"Prakash","John",8.84,7.172,"Low","Low"
"123","BCGA-L2-637A",123,3,4,0,33,5.21,"Suresh","Sam",16.17,13.164,"Low","Medium"
"89","TCGA-A8-A06Z",89,3,4,1,52,5.78,"Aniketh","Philip",17.12,13.924,"Medium","Medium"
"76","TCGA-AR-A0TY",76,10,11,2,133,15.64,"Vinay","Mathew",47.87,39.045,"High","High"
"129","BCGA-O2-637A",129,5,3,1,85,5.44,"Ajay","John",16.13,13.163,"Medium","Medium"
"95","TCGA-AN-A0AS",95,6,10,2,122,14.12,"Raghu","Mathew",41.14,33.362,"High","High"
"132","BCGA-D2-637A",132,1,6,3,74,8.7,"Rabish","Donald",23.62,19.066,"Medium","Medium"
"112","BCGA-G2-627A",112,11,15,6,177,21.73,"Sunil","Philip",64.92,52.954,"High","High"
"61","TCGA-AO-A126",61,5,8,1,100,11.24,"Sujay","Mike",32.78,26.558,"Medium","Medium"
"16","TCGA-AN-A0FL",16,3,7,2,95,10.13,"Suresh","Mathew",28.36,22.916,"Medium","Medium"
"51","TCGA-A2-A0YF",51,3,2,0,33,3.01,"Aniketh","Mike",9.63,7.884,"Low","Medium"
"136","BCGA-Q2-653A",136,5,1,3,49,2.9,"Aniketh","Philip",10.01,8.441,"Medium","Medium"
"157","BCGA-Q2-675A",157,28,33,24,317,48.6,"Sunil","Philip",150.61,123.853,"High","High"
"44","TCGA-AR-A0TR",44,6,9,3,90,12.57,"Vijay","Mike",37.8,30.819,"Medium","High"
"21","TCGA-C8-A131",21,4,5,2,80,7.68,"Akash","Mathew",22.33,18.166,"Medium","Medium"
"115","BCGA-A2-630A",115,8,10,2,113,14.04,"Vinay","Mathew",42.58,34.695,"Medium","High"
"98","TCGA-AR-A0TV",98,5,11,3,148,15.88,"Prakash","Sam",44.69,36.128,"High","Medium"
"121","BCGA-G2-636A",121,9,18,5,205,25.3,"Raghu","Mike",73.1,59.275,"High","High"
"149","BCGA-Q2-667A",149,3,4,0,33,5.21,"Suresh","Sam",16.17,13.164,"Low","Medium"
"13","TCGA-AO-A0JL",13,2,3,0,56,4.52,"Bikas","John",12.55,10.098,"Medium","Low"
"62","TCGA-A2-A0EX",62,7,15,3,187,21.16,"Sunil","Mathew",60.17,48.645,"High","High"
"103","TCGA-C8-A12U",103,7,5,4,59,7.79,"Vishal","John",25.48,21.094,"Medium","Medium"
"15","TCGA-AN-A0AL",15,4,7,2,89,10.06,"Sunil","Samson",29.05,23.563,"Medium","Medium"
"8","TCGA-A2-A0D0",8,10,14,6,183,20.7,"Suresh","Samson",60.96,49.667,"High","High"
